Node,Owner
kind-control-plane,UserA
kind-worker,UserB
kind-worker2,UserC
kind-worker3,UserD
kind-worker4,UserE
kind-worker5,UserA
kind-worker6,UserB
kind-worker7,UserC
kind-worker8,UserD
kind-worker9,UserE
kind-worker10,UserA
kind-worker11,UserB
kind-worker12,UserC
kind-worker13,UserD
kind-worker14,UserE
kind-worker15,UserA
kind-worker16,UserB
kind-worker17,UserC
kind-worker18,UserD
kind-worker19,UserE
kind-worker20,UserA
kind-worker21,UserB
kind-worker22,UserC
kind-worker23,UserD
kind-worker24,UserE
kind-worker25,UserA
kind-worker26,UserB
kind-worker27,UserC
kind-worker28,UserD
kind-worker29,UserE
kind-worker30,UserA
kind-control-plane4,UserD
kind-control-plane5,UserE
kind-control-plane6,UserF
kind-control-plane7,UserG
kind-control-plane8,UserH
kind-control-plane9,UserI
kind-control-plane10,UserJ
kind-control-plane11,UserA
kind-control-plane12,UserB
kind-control-plane13,UserC
kind-control-plane14,UserD
kind-control-plane15,UserE
kind-control-plane16,UserF
kind-control-plane17,UserG
kind-control-plane18,UserH
kind-control-plane19,UserI
kind-control-plane20,UserJ
kind-control-plane21,UserA
kind-control-plane22,UserB
kind-control-plane23,UserC
kind-control-plane24,UserD
kind-control-plane25,UserE
kind-control-plane26,UserF
kind-control-plane27,UserG
kind-control-plane28,UserH
kind-control-plane29,UserI
kind-control-plane30,UserJ
kind-control-plane31,UserA
kind-control-plane32,UserB
kind-control-plane33,UserC
kind-control-plane34,UserD
kind-control-plane35,UserE
kind-control-plane36,UserF
kind-control-plane37,UserG
kind-control-plane38,UserH
kind-control-plane39,UserI
kind-control-plane40,UserJ
kind-control-plane41,UserA
kind-control-plane42,UserB
kind-control-plane43,UserC
kind-control-plane44,UserD
kind-control-plane45,UserE
kind-control-plane46,UserF
kind-control-plane47,UserG
kind-control-plane48,UserH
kind-control-plane49,UserI
kind-control-plane50,UserJ
